,Tile name,White percentage
0,CTTTAACTTTCAAAGG-1_row23_col67_68um.jpg,99.79338842975206
1,GAATGTTGGGTAATCT-1_row23_col69_68um.jpg,99.98385847107438
2,CCTGAATATTTACATA-1_row23_col71_68um.jpg,100.0
3,TTGCTCCCATACCGGA-1_row22_col72_68um.jpg,99.92252066115702
4,TATGCTCCCTACTTAC-1_row25_col61_68um.jpg,99.22843491735537
5,ACGATCATACATAGAG-1_row25_col63_68um.jpg,100.0
6,ATGCATGATCCAGGAT-1_row25_col65_68um.jpg,100.0
7,AGTCTTCTCCTCAAAT-1_row24_col66_68um.jpg,99.99354338842976
8,GATTCCCTTGTCGCAG-1_row25_col67_68um.jpg,100.0
9,CTCGCACCTATATAGT-1_row24_col68_68um.jpg,100.0
10,ACTCAATAAAGGCACG-1_row25_col69_68um.jpg,100.0
11,AACCGAGCTTGGTCAT-1_row24_col70_68um.jpg,100.0
12,TAAGGCAACATAAGAT-1_row25_col71_68um.jpg,99.99354338842976
13,ATGGATTGACCAAACG-1_row27_col61_68um.jpg,100.0
14,GTCATGGACATGACTA-1_row26_col62_68um.jpg,100.0
15,CTACTGCCACCTGACC-1_row27_col63_68um.jpg,99.99677169421489
16,TTATATTTGGCAATCC-1_row26_col64_68um.jpg,100.0
17,AGCACCAGTACTCACG-1_row27_col65_68um.jpg,100.0
18,CATGGTCTAGATACCG-1_row26_col66_68um.jpg,100.0
19,TCTACCGTCCACAAGC-1_row27_col67_68um.jpg,100.0
20,CTAGTTGGGCCCGGTA-1_row26_col68_68um.jpg,99.95480371900827
21,TCCCGCGTACTCCTGG-1_row27_col69_68um.jpg,100.0
22,CAGAGCATGAGCTTGC-1_row26_col70_68um.jpg,100.0
23,GGCTCTGCTCCAACGC-1_row26_col72_68um.jpg,99.98385847107438
24,GATCCCTTTATACTGC-1_row28_col60_68um.jpg,100.0
25,GTCATGCACCTCCGTT-1_row29_col61_68um.jpg,100.0
26,ACTTTCCTATAGCTTC-1_row28_col62_68um.jpg,100.0
27,ATAGGTTGGGCAGATG-1_row28_col64_68um.jpg,100.0
28,ACCGACTGAGTCCCAC-1_row28_col66_68um.jpg,100.0
29,GATCGGTGGCCATAAC-1_row28_col68_68um.jpg,100.0
30,TGCATGTGGTAATCTA-1_row29_col81_68um.jpg,100.0
31,GAGCTAAGGGCATATC-1_row29_col83_68um.jpg,100.0
32,CCACAATGTACGTCTT-1_row29_col85_68um.jpg,100.0
33,TCAGCAAATGCATCTC-1_row31_col73_68um.jpg,99.53189566115702
34,GAGATCTGTCACTCCG-1_row30_col74_68um.jpg,100.0
35,ATGCCGGTCTTGCATA-1_row31_col75_68um.jpg,100.0
36,TTGGGCGGCGGTTGCC-1_row30_col76_68um.jpg,100.0
37,TTGTTGTGTGTCAAGA-1_row31_col77_68um.jpg,100.0
38,ACTGTACGATACACAT-1_row30_col78_68um.jpg,100.0
39,GGTCTGAGAATCTGGA-1_row30_col80_68um.jpg,100.0
40,TAGAAAGGTGGCGCTA-1_row31_col81_68um.jpg,100.0
41,TATGTCTCATTGTGCC-1_row30_col82_68um.jpg,100.0
42,GGATTTCACTTCTATA-1_row31_col83_68um.jpg,100.0
43,TGAGTGGTCCGTGACG-1_row30_col84_68um.jpg,99.92252066115702
44,CGCTTTCTTGCATTCG-1_row31_col85_68um.jpg,100.0
45,ACCCAACGCCCGTGGC-1_row30_col86_68um.jpg,100.0
46,GAACGTCTCATGGTCG-1_row31_col87_68um.jpg,100.0
47,AGGGTTCCCTTTGGTT-1_row30_col88_68um.jpg,99.92252066115702
48,GTAGCTTCCTCTTGTT-1_row31_col89_68um.jpg,100.0
49,GCATGAGGGACGCGGC-1_row30_col90_68um.jpg,100.0
50,CTACCCTAAGGTCATA-1_row31_col91_68um.jpg,100.0
51,TCACCGCTCGGCACTC-1_row30_col92_68um.jpg,99.79984504132231
52,GGCTCGCGTTGAGGTA-1_row31_col93_68um.jpg,100.0
53,CTAACGAAACTTGCTG-1_row30_col94_68um.jpg,100.0
54,TTAAACTCGAATTCAT-1_row31_col95_68um.jpg,100.0
55,GGAATGCGCTAGCGTG-1_row32_col82_68um.jpg,100.0
56,GGTCGGCCAGGAGCTT-1_row32_col84_68um.jpg,100.0
57,CGGGTGTACCCATTTA-1_row32_col86_68um.jpg,100.0
58,GTTGGATTGAGAACAC-1_row32_col88_68um.jpg,100.0
59,CACACGCGCTGTCTTA-1_row33_col89_68um.jpg,100.0
60,TAGACGCCCGTACCGG-1_row32_col90_68um.jpg,100.0
61,AATCTGCGTTGGGACG-1_row32_col92_68um.jpg,100.0
62,CGGCAGGGTCGGGTTG-1_row32_col94_68um.jpg,99.68362603305785
63,GACGAGGCTAATAAAC-1_row56_col100_68um.jpg,100.0
